<?xml version="1.0" encoding="UTF-8"?>
<project-private xmlns="http://www.netbeans.org/ns/project-private/1">
    <editor-bookmarks xmlns="http://www.netbeans.org/ns/editor-bookmarks/2" lastBookmarkId="0"/>
    <open-files xmlns="http://www.netbeans.org/ns/projectui-open-files/2">
        <group>
            <file>file:/C:/Users/Win10/Desktop/PI/PI2-segunda%20versao/src/view/CriarConta.java</file>
            <file>file:/C:/Users/Win10/Desktop/PI/PI2-segunda%20versao/src/controller/Petdao.java</file>
            <file>file:/C:/Users/Win10/Desktop/PI/PI2-segunda%20versao/src/view/TelaInicioADM.java</file>
            <file>file:/C:/Users/Win10/Desktop/PI/PI2-segunda%20versao/src/controller/Usuariodao.java</file>
            <file>file:/C:/Users/Win10/Desktop/PI/PI2-segunda%20versao/src/view/TelaInicio.java</file>
            <file>file:/C:/Users/Win10/Desktop/PI/PI2-segunda%20versao/src/model/Animal.java</file>
            <file>file:/C:/Users/Win10/Desktop/PI/PI2-segunda%20versao/src/view/TelaEditarPet.java</file>
        </group>
    </open-files>
</project-private>
